{"loss": [0.14329206753231, 0.03485611821497778, 0.031164049350784203, 0.03019846413373676, 0.029729976081258994], "val_loss": [0.037612725295034136, 0.030648141685101594, 0.028754870817000844, 0.028826420785962797, 0.027994519701156174]}